<?xml version="1.0" encoding="UTF-8"?>
<path>
	<type>lexicon</type>
	<directory>./rsc/indices/lexicons/lexicon.txt</directory>
</path>
<path>
	<type>lexicon</type>
	<directory>./rsc/indices/lexicons/lexicon.gz</directory>
</path>
<path>
	<type>frequency</type>
	<subtype coding="BINARY" n="1">indexing</subtype>
	<directory task="read">./rsc/indices/1/bin_indices.txt</directory>
</path>
<path>
	<type>frequency</type>
	<subtype coding="BINARY" n="2">indexing</subtype>
	<directory task="read">./rsc/indices/2/bin_indices.txt</directory>
</path>
<path>
	<type>frequency</type>
	<subtype coding="BINARY" n="3">indexing</subtype>
	<directory task="read">./rsc/indices/3/bin_indices.txt</directory>
</path>
<path>
	<type>frequency</type>
	<subtype coding="BINARY" n="4">indexing</subtype>
	<directory task="read">./rsc/indices/4/bin_indices.txt</directory>
</path>
<path>
	<type>frequency</type>
	<subtype coding="BINARY" n="5">indexing</subtype>
	<directory task="read">./rsc/indices/5/bin_indices.txt</directory>
</path>
<path>
	<type>probability</type>
	<subtype coding="DEFAULT" n="1">indexing</subtype>
	<directory task="write">./rsc/indices/1/indices.txt</directory>
</path>
<path>
	<type>probability</type>
	<subtype coding="DEFAULT" n="2">indexing</subtype>
	<directory task="write">./rsc/indices/2/indices.txt</directory>
</path>
<path>
	<type>probability</type>
	<subtype coding="DEFAULT" n="3">indexing</subtype>
	<directory task="write">./rsc/indices/3/indices.txt</directory>
</path>
<path>
	<type>probability</type>
	<subtype coding="DEFAULT" n="4">indexing</subtype>
	<directory task="write">./rsc/indices/4/indices.txt</directory>
</path>
<path>
	<type>probability</type>
	<subtype coding="DEFAULT" n="5">indexing</subtype>
	<directory task="write">./rsc/indices/5/indices.txt</directory>
</path>
<path>
	<type>probability</type>
	<subtype coding="HEXADECIMAL" n="1">indexing</subtype>
	<directory task="write">./rsc/indices/1/hex_indices.gz</directory>
</path>
<path>
	<type>probability</type>
	<subtype coding="HEXADECIMAL" n="2">indexing</subtype>
	<directory task="write">./rsc/indices/2/hex_indices.gz</directory>
</path>
<path>
	<type>probability</type>
	<subtype coding="HEXADECIMAL" n="3">indexing</subtype>
	<directory task="write">./rsc/indices/3/hex_indices.gz</directory>
</path>
<path>
	<type>probability</type>
	<subtype coding="HEXADECIMAL" n="4">indexing</subtype>
	<directory task="write">./rsc/indices/4/hex_indices.gz</directory>
</path>
<path>
	<type>probability</type>
	<subtype coding="HEXADECIMAL" n="5">indexing</subtype>
	<directory task="write">./rsc/indices/5/hex_indices.gz</directory>
</path>
<path>
	<type>probability</type>
	<subtype coding="BINARY" n="1">indexing</subtype>
	<directory task="write">./rsc/indices/1/bin_indices.gz</directory>
</path>
<path>
	<type>probability</type>
	<subtype coding="BINARY" n="2">indexing</subtype>
	<directory task="write">./rsc/indices/2/bin_indices.gz</directory>
</path>
<path>
	<type>probability</type>
	<subtype coding="BINARY" n="3">indexing</subtype>
	<directory task="write">./rsc/indices/3/bin_indices.gz</directory>
</path>
<path>
	<type>probability</type>
	<subtype coding="BINARY" n="4">indexing</subtype>
	<directory task="write">./rsc/indices/4/bin_indices.gz</directory>
</path>
<path>
	<type>probability</type>
	<subtype coding="BINARY" n="5">indexing</subtype>
	<directory task="write">./rsc/indices/5/bin_indices.gz</directory>
</path>
