<?xml version="1.0" encoding="UTF-8"?>
<path>
	<type>lexicon</type>
	<directory>./rsc/indices/lexicons/lexicon.gz</directory>
</path> 
<path>
	<type>frequency</type>
	<subtype coding="HEXADECIMAL" n="1">indexing</subtype>
	<directory task="read">./rsc/indices/1/hex_indices.gz</directory>
</path>
<path>
	<type>frequency</type>
	<subtype coding="HEXADECIMAL" n="2">indexing</subtype>
	<directory task="read">./rsc/indices/2/hex_indices.gz</directory>
</path>
<path>
	<type>frequency</type>
	<subtype coding="HEXADECIMAL" n="3">indexing</subtype>
	<directory task="read">./rsc/indices/3/hex_indices.gz</directory>
</path>
<path>
	<type>frequency</type>
	<subtype coding="HEXADECIMAL" n="4">indexing</subtype>
	<directory task="read">./rsc/indices/4/hex_indices.gz</directory>
</path>
<path>
	<type>frequency</type>
	<subtype coding="HEXADECIMAL" n="5">indexing</subtype>
	<directory task="read">./rsc/indices/5/hex_indices.gz</directory>
</path>
<path>
	<type>probability</type>
	<subtype coding="HEXADECIMAL" n="1">indexing</subtype>
	<directory task="read">./rsc/probs/1/hex_indices.gz</directory>
</path>
<path>
	<type>probability</type>
	<subtype coding="HEXADECIMAL" n="2">indexing</subtype>
	<directory task="read">./rsc/probs/2/hex_indices.gz</directory>
</path>
<path>
	<type>probability</type>
	<subtype coding="HEXADECIMAL" n="3">indexing</subtype>
	<directory task="read">./rsc/probs/3/hex_indices.gz</directory>
</path>
<path>
	<type>probability</type>
	<subtype coding="HEXADECIMAL" n="4">indexing</subtype>
	<directory task="read">./rsc/probs/4/hex_indices.gz</directory>
</path>
<path>
	<type>probability</type>
	<subtype coding="HEXADECIMAL" n="5">indexing</subtype>
	<directory task="read">./rsc/probs/5/hex_indices.gz</directory>
</path>